{"LinearRegression": {"r2_score": 0.6386840735575445, "mean_squared_error": 12239.420069884607}, "RandomForestRegressor": {"r2_score": 0.9392092856115379, "mean_squared_error": 2059.259045330968}, "SGDRegressor": {"r2_score": 0.6378985556520339, "mean_squared_error": 12266.02914774238}}