{"LinearRegression": {"r2_score": 0.6386840735575445, "mean_squared_error": 12239.420069884607}, "RandomForestRegressor": {"r2_score": 0.9407893285148833, "mean_squared_error": 2005.7357782751965}, "SGDRegressor": {"r2_score": 0.6368345942358616, "mean_squared_error": 12302.070378581275}}