{"LinearRegression": {"r2_score": 0.6387108960604548, "mean_squared_error": 12238.511469248931}, "RandomForestRegressor": {"r2_score": 0.940207500617309, "mean_squared_error": 2025.4449455873212}, "SGDRegressor": {"r2_score": 0.6385836093847691, "mean_squared_error": 12242.823250100544}}