{"LinearRegression": {"r2_score": 0.6386450648768973, "mean_squared_error": 12240.741471998024}, "RandomForestRegressor": {"r2_score": 0.9396917899478306, "mean_squared_error": 2042.9144205158548}, "SGDRegressor": {"r2_score": 0.6375089015316202, "mean_squared_error": 12279.228511824282}}